{"rmse": 0.00109380418399681, "r2": 0.9999990869967981, "promoted": true}